Timestamp,time,use [kW],gen [kW],House overall [kW],Dishwasher [kW],Furnace 1 [kW],Furnace 2 [kW],Home office [kW],Fridge [kW],Wine cellar [kW],Garage door [kW],Kitchen 12 [kW],Kitchen 14 [kW],Kitchen 38 [kW],Barn [kW],Well [kW],Microwave [kW],Living room [kW],Solar [kW],temperature,humidity,visibility,apparentTemperature,pressure,windSpeed,windBearing,precipIntensity,dewPoint,precipProbability
2016-01-01 05:00:00,1451626199.5,1.1872757962944445,0.038035379610833336,1.1872757962944445,0.05508668799805555,0.2090511249988889,0.23601785186000002,0.09181489814277777,0.06646410185166667,0.019765925928333334,0.013373004632222223,0.000653768443611111,0.011105172003333334,1.1208416666666666e-05,0.09704880092694444,0.022192773211388888,0.008845916663333333,0.048254722218611115,0.038035379610833336,33.01033888888889,0.6097277777777778,9.905266666666666,26.325955555555556,1013.3239666666667,7.733644444444444,250.48666666666668,3.544444444444445e-05,20.92341111111111,0.0006444444444444444
2016-01-01 06:00:00,1451629799.5,1.1196945648136112,0.08024053704777777,1.1196945648136112,0.04492904620194445,0.23706220833333333,0.2519435138863889,0.1314195972236111,0.0524067453775,0.019161884250555556,0.013600777778333333,0.0006873101341666666,0.009341811546666667,1.0319111111111111e-05,0.05284657868861111,0.022645574116944445,0.0141169074125,0.04314409259416667,0.08024053704777777,18.775005555555556,0.5840222222222222,9.916805555555555,9.766472222222223,1024.1611611111111,8.287394444444445,293.82722222222225,0.0,6.187988888888889,0.0
2016-01-01 07:00:00,1451633399.5,0.9534787268611111,0.0745600925925,0.9534787268611111,0.036511902343055555,0.22525162499749998,0.2045168333338889,0.1004711157475,0.06645153240722222,0.017028375000833335,0.013425203700833332,0.0005606018705555555,0.009574787818333333,9.518166666666666e-06,0.06569333333277778,0.011259986180555554,0.011653263903333334,0.05029087500611112,0.0745600925925,24.236133333333335,0.6147055555555556,9.929494444444444,20.451155555555555,1027.5027666666667,3.83815,131.14277777777778,0.0,11.636816666666666,0.0
2016-01-01 08:00:00,1451636999.5,1.0803229953830555,0.013110129639722221,1.0803229953830555,0.030701214137500002,0.15748844444555557,0.18738693981972224,0.09720187962666667,0.05751654630111111,0.021887268525277778,0.014500393517500001,0.0006499027588888888,0.010505139633055554,9.050583333333334e-06,0.09953645370583332,0.016838717651111113,0.007534925927777778,0.057833902781944446,0.013110129639722221,39.9569,0.7849444444444444,8.501144444444444,36.09710555555556,1012.8715611111112,6.648811111111112,116.13888888888889,0.010006611111111112,33.59920555555556,0.14741666666666667
2016-01-01 09:00:00,1451640599.5,1.0648342546252778,0.04661462500527778,1.0648342546252778,0.04240594221444444,0.2365794768486111,0.27274782870083336,0.09908188426472223,0.05782006481722222,0.015738185191944445,0.01337365740361111,0.000587027805,0.008596700166666667,9.838194444444444e-06,0.034658805549166664,0.017822027827222222,0.009481888884444444,0.058562282414444444,0.04661462500527778,24.46368888888889,0.5628777777777777,9.119566666666667,15.937555555555557,1010.9602666666667,9.551461111111111,241.29444444444445,0.00038505555555555553,10.398066666666667,0.014661111111111111
2016-01-01 10:00:00,1451644199.5,0.9294201944455555,0.06564759721861112,0.9294201944455555,0.029307109667777775,0.2393143888983333,0.23888229628944446,0.09983637037000001,0.044690583329166665,0.017458277775277777,0.013834365744722221,0.001389125013611111,0.008813366484722222,9.907305555555555e-06,0.035565134263055555,0.011982837955,0.007528638902777778,0.027013828695555558,0.06564759721861112,28.374861111111112,0.7125499999999999,9.075933333333333,24.01865,1009.6983833333334,4.522333333333333,153.1461111111111,0.0036237222222222226,20.005300000000002,0.08046666666666667
2016-01-01 11:00:00,1451647799.5,1.1550075925941665,0.028671717605277775,1.1550075925941665,0.045200248605555556,0.21446180092916667,0.2211254398075,0.09901258795972222,0.06151724073361111,0.02113297685388889,0.013962694448888887,0.0011485786902777778,0.008863570026666667,9.203e-06,0.07283694445083333,0.019237953698055553,0.010712398151111111,0.06882511573833333,0.028671717605277775,28.35647777777778,0.6415000000000001,9.244666666666667,20.293733333333336,1006.3090444444445,9.215438888888889,257.4327777777778,0.00024133333333333334,17.467972222222222,0.007661111111111111
2016-01-01 12:00:00,1451651399.5,1.2207017361077779,0.0802105601738889,1.2207017361077779,0.01872876535027778,0.3258675601836111,0.31609411110194446,0.10866273148861111,0.048959171291944444,0.01889156944416667,0.01321148148138889,0.003496314956944444,0.006697750697777778,1.0370527777777777e-05,0.0670853888875,0.018486597345,0.007300949079166666,0.03632027301,0.0802105601738889,22.00583333333333,0.52045,9.885105555555555,10.514022222222223,1016.3626944444445,12.267061111111111,300.81166666666667,0.0,6.795983333333334,0.0
2016-01-01 13:00:00,1451654999.5,0.9316756249888889,0.076077898135,0.9316756249888889,0.020251212050833335,0.2539760601925,0.272339319445,0.06371365277638888,0.042600976854444444,0.017022263884722222,0.013646870375555556,0.0064184027727777785,0.0032577419466666663,1.0221805555555555e-05,0.08402968519138888,0.012538138892777778,0.005267986131666667,0.02177002314722222,0.076077898135,22.17765,0.5175277777777778,9.493611111111111,11.738722222222222,1017.6796444444445,10.2987,127.01222222222222,0.00022394444444444445,6.929744444444445,0.007894444444444444
2016-01-01 14:00:00,1451658599.5,1.1168336342605556,0.07899331020138889,1.1168336342605556,0.06950631408777778,0.22491131944722223,0.22288905554916666,0.07385019907555557,0.061364703708333336,0.018480305553055555,0.013829300928611113,0.008231064810555556,0.004598681856111111,9.972e-06,0.09684319445166667,0.026374754621666663,0.015367976876666667,0.03960931018666666,0.07899331020138889,29.831244444444444,0.5804444444444444,9.889011111111111,24.130394444444445,1018.5628222222223,6.190449999999999,239.90777777777777,1.611111111111111e-05,16.211472222222223,0.0001611111111111111
2016-01-01 15:00:00,1451662199.5,0.8530299953666667,0.056582092586944445,0.8530299953666667,0.019359643822777776,0.15256146296555556,0.2237861990727778,0.07551908795138888,0.04667711574055555,0.01871042129722222,0.013330439810277777,0.006622013960833333,0.003470353987222222,9.300638888888888e-06,0.07408465740444445,0.013337777787777777,0.007995000018333333,0.03824816666111111,0.056582092586944445,32.89972777777778,0.6450611111111111,9.883655555555556,28.563950000000002,1011.5553611111111,6.693327777777777,237.41944444444445,0.0,21.671033333333334,0.0
2016-01-01 16:00:00,1451665799.5,0.8926000648266667,0.061717851873055556,0.8926000648266667,0.01944040262222222,0.1950319305525,0.2152784166711111,0.06957237961888889,0.049706490735,0.02162955092277778,0.013597351844722222,0.0006095972233333333,0.0074143800019444445,9.638833333333333e-06,0.10340906480833334,0.012888870366944444,0.007771921316388888,0.028880685187499998,0.061717851873055556,35.309444444444445,0.5854111111111111,9.771627777777779,29.184577777777776,1009.9600611111111,7.851838888888889,231.93555555555557,4.994444444444445e-05,21.858777777777778,0.0009666666666666667
2016-01-01 17:00:00,1451669399.5,0.9843156203783333,0.05610253241305555,0.9843156203783333,0.06810506448361112,0.16085368517833334,0.1312717083313889,0.06338181944083333,0.061464305549999994,0.022408314823611112,0.013875699070833332,0.0034867916369444446,0.009492270355833334,8.495027777777778e-06,0.06328505555638889,0.022508583331666665,0.010217032411666667,0.043577259265,0.05610253241305555,38.71188333333333,0.6703444444444444,9.460177777777778,35.66236111111111,1018.517061111111,5.847155555555555,230.36833333333334,0.004588999999999999,27.978983333333332,0.0736
2016-01-01 18:00:00,1451672999.5,0.700293819448611,0.040915694443611116,0.700293819448611,0.016166949656944443,0.10487462499944444,0.15131717592138888,0.07311119907027779,0.049117004628888884,0.01974252778222222,0.014303740746388889,0.000593773158611111,0.004446008193611111,8.624416666666667e-06,0.08329717592472223,0.010823199074444444,0.007365972236944444,0.02420008333527778,0.040915694443611116,40.135577777777776,0.7099444444444445,8.4756,35.64641666666667,1017.0635722222222,8.750594444444443,278.0061111111111,0.005717277777777778,31.040322222222223,0.13600555555555555
2016-01-01 19:00:00,1451676599.5,0.8029740231505555,0.062654268545,0.8029740231505555,0.0200727173775,0.19837454629444443,0.20913460647444443,0.05953428703611111,0.045229907414166666,0.017429435180555557,0.013461587958888889,0.0012707129466666665,0.006484769195277778,9.5325e-06,0.05502560649,0.013495874994999999,0.006786833331666667,0.015397185187777778,0.062654268545,28.993016666666666,0.65615,8.591411111111112,23.407455555555554,1019.0865055555555,6.751811111111111,127.18166666666667,0.0005285555555555555,18.33577777777778,0.023516666666666665
2016-01-01 20:00:00,1451680199.5,1.175519027771389,0.05551538424972222,1.175519027771389,0.05128414368833333,0.19164198148472222,0.20175636111416667,0.08456042592583334,0.058245499993611116,0.023540425933611112,0.013477236112222223,0.021871847241944443,0.008070250134444444,9.65261111111111e-06,0.1023586990711111,0.0212000833125,0.011130199083055556,0.05400208332472222,0.05551538424972222,24.59666111111111,0.7667111111111111,7.5519944444444445,20.451372222222222,1004.2530666666667,4.369644444444444,169.67888888888888,0.0017350555555555557,18.17276111111111,0.07234444444444445
2016-01-01 21:00:00,1451683799.5,1.0860868333286111,0.031243185173333334,1.0860868333286111,0.021081259116944445,0.29942418055333336,0.316434342595,0.06274811574444444,0.05492892592694444,0.021238097224722224,0.013826055560000002,0.0005527823938888889,0.007049054675,1.1282222222222221e-05,0.037162425929444444,0.012888675916944444,0.008419597229722223,0.0358752314775,0.031243185173333334,11.869694444444445,0.5244888888888889,9.702333333333334,-0.34838888888888886,1016.1505666666667,10.742644444444444,262.65777777777777,0.0,-2.6441500000000002,0.0
2016-01-01 22:00:00,1451687399.5,1.2107363981391668,0.11425461113555554,1.2107363981391668,0.029891274719444444,0.39653555093277776,0.3529869861102778,0.0814573425886111,0.04956701851694444,0.016967949071944443,0.01293106018361111,0.0012359861044444445,0.008686398647777779,1.2272111111111111e-05,0.09096926851472222,0.017073949064166666,0.0071829537027777775,0.016087319451944443,0.11425461113555554,7.556344444444444,0.6299888888888889,7.7045,-0.15446666666666667,1028.2128777777777,5.656655555555555,191.85944444444445,0.0031321666666666668,-3.069644444444444,0.11246111111111111
2016-01-01 23:00:00,1451690999.5,1.2429246203744444,0.015769152770555555,1.2429246203744444,0.035113161343888886,0.28357844907805557,0.3047550879636111,0.06757124073833333,0.05367458333111111,0.017325208336388887,0.013454939814166665,0.000625856493611111,0.006750793176944445,1.1998944444444444e-05,0.08192284722444444,0.02239580092333333,0.00843935648888889,0.03738373147472222,0.015769152770555555,32.155627777777774,0.6151888888888889,9.4888,24.8067,1018.0686944444444,9.822838888888889,296.18944444444446,0.007016222222222222,19.88247222222222,0.08087222222222222
2016-01-02 00:00:00,1451694599.5,1.0124911064852777,0.08268810647777777,1.0124911064852777,0.019423101107777778,0.2669521805644444,0.2671806481486111,0.06328941667416667,0.050689069446666665,0.019031277773055556,0.013798912034444444,0.0006398148177777777,0.00529227977,1.2013305555555555e-05,0.05805020370472223,0.016730412026944443,0.006803888893055556,0.03724631944416667,0.08268810647777777,39.45805555555555,0.5442388888888889,9.925083333333333,35.23054444444445,1017.6309555555555,8.597827777777779,222.15833333333333,0.0005655,23.25047777777778,0.018044444444444443
2016-01-02 01:00:00,1451698199.5,0.9088010972288888,0.09491742130972222,0.9088010972288888,0.05222220917138889,0.18463368980749997,0.17971603240333334,0.06803664351805555,0.06064415277916667,0.02158721296027778,0.013791300929444444,0.001395944403611111,0.008258071215833333,1.0781583333333334e-05,0.12212384258499999,0.019024689818888888,0.007810416678333334,0.04000969907666666,0.09491742130972222,33.612,0.6269444444444444,8.934994444444444,28.296144444444444,1023.1270222222222,6.257733333333333,169.84277777777777,0.0016480000000000002,21.390144444444445,0.06622777777777779
2016-01-02 02:00:00,1451701799.5,1.0716019814819444,0.04587291203972223,1.0716019814819444,0.034808934150555554,0.20659796759805554,0.2405067546275,0.06243543980583333,0.05295336110861111,0.02019942592111111,0.0139001666675,0.0006783657294444445,0.00680674104,1.1452583333333333e-05,0.0567175277775,0.027638398159166667,0.023820726868333333,0.03930702314861111,0.04587291203972223,39.84664444444445,0.7201555555555555,7.731616666666667,33.56135555555556,1001.0440111111111,12.273927777777777,199.615,0.021880666666666666,30.741327777777776,0.2909555555555556
2016-01-02 03:00:00,1451705399.5,0.8487881759244444,0.09579874534361112,0.8487881759244444,0.019669087542777776,0.2544650694380556,0.24013801852,0.055132620377222226,0.05359343981194444,0.01972927777611111,0.013897333333055555,0.0007402684858333333,0.005357793446944445,1.1387972222222221e-05,0.03439303240027778,0.012100425929444443,0.006100143531388889,0.023517013883055556,0.09579874534361112,36.49675555555556,0.5260222222222223,9.967283333333334,30.806283333333333,1010.9878500000001,8.517344444444443,218.03444444444443,0.00010672222222222222,20.28287222222222,0.004911111111111111
2016-01-02 04:00:00,1451708999.5,0.9237409027741667,0.07653125925861111,0.9237409027741667,0.03758552057972222,0.12497404629611111,0.16502311111444445,0.08179648148583334,0.059624287034444445,0.020047597223333335,0.013689356482222222,0.0016160416827777776,0.009586276783888889,1.0315222222222224e-05,0.0372410138875,0.01795901389388889,0.009965759263611111,0.0398238518525,0.07653125925861111,36.26352222222222,0.5544611111111111,9.432255555555557,29.740505555555558,1010.0111611111112,9.730322222222224,241.27333333333334,0.0062475,20.396466666666665,0.12655555555555553
2016-01-02 05:00:00,1451712599.5,0.7691821296288889,0.10122497220805556,0.7691821296288889,0.040348893569722225,0.016613699079166665,0.28400953240305554,0.06367470370444445,0.04704334722361111,0.018244833328611113,0.014075111113611111,0.0006929212638888889,0.009315141495833333,1.0874666666666666e-05,0.03812613889361111,0.01511930091138889,0.0087230509425,0.05801603703555555,0.10122497220805556,26.0414,0.5111055555555556,9.681805555555556,18.46228888888889,1021.6148055555554,7.5656,158.33666666666667,3.061111111111111e-05,9.547738888888889,0.0008055555555555557
2016-01-02 06:00:00,1451716199.5,0.8024207453783333,0.09798862961611111,0.8024207453783333,0.03821176003888889,0.07688999536666666,0.24465293980555555,0.05433587037194445,0.04934923148138889,0.029338194449444445,0.0138221342675,0.0007411620144444444,0.004557677358888889,1.1193888888888889e-05,0.035580916666388886,0.019101435186666668,0.01707597685722222,0.016131356481111112,0.09798862961611111,34.13745,0.5465722222222222,9.847511111111112,31.74615,1021.7717222222223,4.425938888888889,225.9427777777778,0.0,18.253272222222222,0.0
2016-01-02 07:00:00,1451719799.5,0.8179932361211112,0.10173756943000001,0.8179932361211112,0.03230158420944444,0.10677398611472223,0.18853919444944445,0.04885592593,0.05209116204388889,0.02824167592,0.014283231483055556,0.0006657592691666667,0.005991368372777778,1.0522583333333333e-05,0.034058587954722226,0.022251060190555557,0.007125888895,0.06258522685194444,0.10173756943000001,56.17101666666667,0.5936611111111111,9.453827777777777,55.31906111111111,1016.7044666666667,5.5726,204.255,0.001829611111111111,40.744238888888894,0.06893333333333333
2016-01-02 08:00:00,1451723399.5,0.5399622083311111,0.075463425915,0.5399622083311111,0.016072128839166665,0.04215979167027778,0.07742961573972222,0.09093412963083333,0.05599968055277778,0.03241728704,0.013648249993888889,0.0006693101822222222,0.008323258851388888,9.013833333333333e-06,0.03600331018472222,0.008605870370833333,0.007894583340833334,0.041973736105,0.075463425915,48.15325,0.6270388888888889,9.790799999999999,46.61238333333333,1018.7860722222222,7.861933333333333,270.9138888888889,0.001349111111111111,34.80663333333334,0.05399444444444444
2016-01-02 09:00:00,1451726999.5,0.5602489953725001,0.10660179166527778,0.5602489953725001,0.01656248457916667,0.0854036018525,0.09137589351472222,0.07956375461916666,0.05350980092805555,0.02713308796361111,0.01393742592888889,0.001227828681388889,0.008865536135833333,8.527472222222222e-06,0.03709868981388889,0.0141259351925,0.00997500463,0.044548458330555554,0.10660179166527778,45.3276,0.6542111111111111,8.385505555555556,41.33897222222222,1016.920111111111,7.802561111111111,69.34333333333333,0.0061915,31.541627777777776,0.21411666666666668
2016-01-02 10:00:00,1451730599.5,0.8163252407402778,0.037025638899166664,0.8163252407402778,0.04101295306305556,0.12412040282638889,0.15969675000055555,0.10116459721472222,0.050672402759166665,0.025391949073333333,0.013380814816666666,0.0005913704077777778,0.007259363211944445,1.0064638888888888e-05,0.03763207870027778,0.013592925934444446,0.011574050932222224,0.02892036111861111,0.037025638899166664,47.01517222222222,0.7226166666666667,8.936333333333334,44.42778888888889,1008.3448166666666,6.917927777777778,196.29,0.0035454444444444444,37.79971111111111,0.08602777777777777
2016-01-02 11:00:00,1451734199.5,0.6679908425925001,0.09756745371194445,0.6679908425925001,0.020673285210555555,0.1317689722186111,0.14160748147833332,0.072358912035,0.05982281482388889,0.0250143657325,0.013801800930833334,0.0006484675991666666,0.006875733415,9.847027777777776e-06,0.034820245371111114,0.015526402777777778,0.0091746018525,0.03776178703527778,0.09756745371194445,33.52149444444444,0.46477222222222225,9.547616666666666,27.95871111111111,1017.4675055555556,6.848511111111111,205.8661111111111,0.00042344444444444444,13.986844444444444,0.015783333333333333
2016-01-02 12:00:00,1451737799.5,0.9382528981458333,0.09748249538472223,0.9382528981458333,0.051750489131944445,0.18758193981416668,0.22280096295583332,0.08281531018527777,0.054079523151388885,0.02604445832861111,0.014405680551666666,0.0006029953672222223,0.014711162354722222,1.3062444444444444e-05,0.03478060184972222,0.02385042592111111,0.008968282408888889,0.031275041666111114,0.09748249538472223,41.77511111111111,0.5051055555555555,9.549205555555556,36.5247,1013.0012222222222,9.290522222222222,252.79555555555555,0.0003134444444444445,23.367,0.012416666666666668
2016-01-02 13:00:00,1451741399.5,0.8060208194519444,0.10633790276138888,0.8060208194519444,0.0353519787425,0.2025135972225,0.18454266666083333,0.08155877314583335,0.05115999536138889,0.02363179166166667,0.013345749992222222,0.0007079999980555556,0.0069465890775,1.0920638888888888e-05,0.0336773703725,0.01671590277888889,0.010593041659722222,0.03438280555083333,0.10633790276138888,42.31185,0.6998333333333333,8.502472222222222,38.23439444444445,1015.7826444444445,7.4745333333333335,136.8088888888889,0.001669111111111111,32.634572222222225,0.06057777777777777
2016-01-02 14:00:00,1451744999.5,0.6814183055574999,0.07299924074472222,0.6814183055574999,0.040254153698333336,0.13733546759694445,0.15232328703777778,0.09240862037083333,0.05014125925388889,0.022275916669166666,0.014109666663055555,0.0006286018455555556,0.005148377019722223,1.0838361111111112e-05,0.0338617175925,0.009878180556388888,0.0085565833425,0.021719157408333332,0.07299924074472222,42.064188888888886,0.7279277777777777,9.071516666666666,39.286072222222224,1019.7083333333334,5.2219500000000005,141.29944444444445,0.0069084444444444445,33.41816111111111,0.12260555555555555
2016-01-02 15:00:00,1451748599.5,0.9093795925963889,0.07065275000638889,0.9093795925963889,0.048289912075277774,0.16337328703361112,0.15562326389472222,0.0624318333375,0.05310673610361111,0.04957308332777778,0.0132770462975,0.0006058657697222223,0.0112128386225,1.0704166666666667e-05,0.04862742129638889,0.02523968518111111,0.006004157418055556,0.024685587972500003,0.07065275000638889,43.22258333333333,0.4986,9.996294444444445,38.187349999999995,1016.2762777777778,12.516222222222222,249.38111111111112,0.00013855555555555556,24.424033333333334,0.0037055555555555557
2016-01-02 16:00:00,1451752199.5,0.8378488055550001,0.06873065742805555,0.8378488055550001,0.03761684994333333,0.17462430093111111,0.18171895370083332,0.10549023149055556,0.057426189819444445,0.03007105554861111,0.013339287037222222,0.0006410277505555556,0.010263617402777777,1.0879749999999999e-05,0.051864601851666664,0.014872777773888889,0.008851018525277778,0.025986157408055557,0.06873065742805555,54.60136111111111,0.7256611111111111,9.316633333333332,53.93045555555556,1001.4255555555555,9.273894444444444,217.08388888888888,0.004345722222222222,45.51665,0.15350555555555556
2016-01-02 17:00:00,1451755799.5,0.6500340138874999,0.03436058796555556,0.6500340138874999,0.01530212881388889,0.09484727778027778,0.119289481485,0.08570260185777777,0.05297793518888889,0.03758939814277778,0.013921629625000001,0.0006147036691666667,0.008196683643611112,9.828472222222222e-06,0.06404040741305556,0.01079229168,0.011325569458055556,0.025920263889722222,0.03436058796555556,26.669066666666666,0.6312388888888889,7.649,17.533516666666667,1014.1738777777778,10.634966666666665,188.06833333333333,0.0037485,14.683405555555556,0.13359444444444443
2016-01-02 18:00:00,1451759399.5,1.1748771203588888,0.020618291658888892,1.1748771203588888,0.06621975600472223,0.23540549537388888,0.21760134259027777,0.09253992592861111,0.05996617593111111,0.0306651296325,0.013343638893333334,0.0007665972213888889,0.007994351743888888,1.1203527777777778e-05,0.03573951851888889,0.022193379634166666,0.012369300923888889,0.04461085648555555,0.020618291658888892,39.56981666666667,0.6500888888888889,9.37962777777778,35.540105555555556,1012.9277944444444,8.81033888888889,209.64944444444444,0.005329555555555555,27.607333333333333,0.10149999999999999
2016-01-02 19:00:00,1451762999.5,0.7861235648152778,0.048795703697777776,0.7861235648152778,0.020895369834444448,0.1899566898175,0.18013224074277778,0.07214868056027778,0.04947994444777778,0.019777064809166668,0.013495819444166668,0.0005825508827777778,0.006210377056666667,1.1097472222222221e-05,0.03335585185638889,0.015315263892777778,0.007629597225555555,0.04908339352083334,0.048795703697777776,37.99042222222222,0.4783777777777778,9.941127777777778,32.43742777777778,1011.5324111111112,8.46268888888889,259.3861111111111,0.0003206111111111111,18.570294444444443,0.011922222222222223
2016-01-02 20:00:00,1451766599.5,0.7436308981425,0.05717844443194444,0.7436308981425,0.015963751789166668,0.14603205092944443,0.16179830092527778,0.09536657871083333,0.04217449537444445,0.031927467593611106,0.015202842587777779,0.0006047777372222222,0.0038918150608333335,9.393166666666667e-06,0.07680810184472221,0.012422240750833334,0.006080949078611111,0.02732962963583333,0.05717844443194444,44.568422222222225,0.6577944444444445,9.573055555555555,41.23801666666666,1020.73205,9.190777777777779,229.5388888888889,0.004544944444444444,33.23887222222222,0.1288888888888889
2016-01-02 21:00:00,1451770199.5,0.8806024027786111,0.06974460647111111,0.8806024027786111,0.03540258372,0.12921716204055556,0.14657377777416666,0.06971079166833334,0.06138714814166667,0.03399479167083334,0.013872824076666667,0.0006054305691666666,0.007182311380555555,1.0397972222222222e-05,0.12077142129194446,0.017856935199722222,0.010620018525,0.0397544722275,0.06974460647111111,45.92724444444444,0.43846666666666667,9.981472222222223,44.42585,1028.5868444444445,5.088755555555555,105.91277777777778,0.0,22.365572222222223,0.0
2016-01-02 22:00:00,1451773799.5,0.6679286388852778,0.13578838427444445,0.6679286388852778,0.03721075788027778,0.07718611573944445,0.11390987036472222,0.06703468055944445,0.05084961111833333,0.04099064351583333,0.014387467596388889,0.0006251481327777778,0.004408219346944444,1.0194805555555555e-05,0.08038213425805556,0.0184268240625,0.012943842593333334,0.04173033333305556,0.13578838427444445,51.48591666666666,0.4402,9.999355555555555,50.62107222222222,1028.0456944444445,5.011577777777778,121.14055555555555,0.0,25.930344444444447,0.0
2016-01-02 23:00:00,1451777399.5,0.41178665277777776,0.14611901389805557,0.41178665277777776,2.2859021666666666e-05,0.05777555092277778,0.11739352313527777,0.041999347213333336,0.05191070832388889,0.024080208328888887,0.0137068564725,0.0005837731494444444,0.0025843623175,9.647805555555555e-06,0.04695892129611111,0.0081473333225,0.005278250011111111,0.009955370362222223,0.14611901389805557,52.90446111111111,0.40700000000000003,9.993588888888889,51.71129444444445,1019.5164,7.736105555555556,222.90055555555554,2.8999999999999997e-05,26.945833333333333,0.0006444444444444444
2016-01-03 00:00:00,1451780999.5,0.6555024583305555,0.13213050463666667,0.6555024583305555,0.059609706585277776,0.029630819443888887,0.07402189351305555,0.0912222870261111,0.06954796295916667,0.039851560182222225,0.01717378239888889,0.0006005694802777777,0.0074752153219444445,9.745472222222223e-06,0.04679221295444445,0.020553842578055554,0.020727527784999998,0.040373504629444446,0.13213050463666667,61.03554444444444,0.5773999999999999,9.19731111111111,60.872800000000005,1012.4998944444445,6.267655555555556,222.60666666666665,0.003045,43.60697777777778,0.06798888888888889
2016-01-03 01:00:00,1451784599.5,0.4036983287072222,0.133785972205,0.4036983287072222,0.0203110787175,0.02789254629,0.07289569908,0.07482804629694444,0.056312217595277776,0.031252138883611114,0.013891148154166666,0.000602768505,0.008015869422777778,9.295416666666668e-06,0.03587768055138889,0.011192240725833334,0.0123299259275,0.02736904629388889,0.133785972205,49.60643888888889,0.40518888888888893,9.926494444444444,48.33789444444445,1015.0193333333334,5.445694444444444,195.75222222222223,0.0010331111111111112,24.584294444444446,0.026672222222222226
2016-01-03 02:00:00,1451788199.5,0.5535740972277777,0.10868804628722223,0.5535740972277777,0.016565044613333333,0.038214648147499995,0.06900073611305556,0.05972176851305556,0.06824952315944445,0.10145473148194444,0.015053912039444443,0.0005958657333333333,0.006521371495277778,9.263555555555555e-06,0.06576522222583334,0.013446083326944443,0.006308236112222222,0.03510798611944444,0.10868804628722223,45.770672222222224,0.5636,9.257961111111111,44.137455555555555,1012.8437555555556,5.156355555555556,209.6761111111111,0.0025499999999999997,28.192583333333335,0.04566666666666667
2016-01-03 03:00:00,1451791799.5,0.7269320046327777,0.06613270832416666,0.7269320046327777,0.05966309641194445,0.06550727777472222,0.12299476388611112,0.07139335185444444,0.06910610647972222,0.019000124996388888,0.014311731484722224,0.0005732592713888889,0.008260762605833333,9.699277777777778e-06,0.0457991713025,0.014592476871666668,0.019214305567777777,0.042688143518055555,0.06613270832416666,50.44702222222222,0.5574055555555556,9.927994444444444,49.15686111111111,1021.0760833333333,5.334511111111111,166.36888888888888,0.0008289444444444444,34.54666666666667,0.037866666666666667
2016-01-03 04:00:00,1451795399.5,0.60210333333,0.12345839351833333,0.60210333333,0.05376923876111111,0.06477849537305555,0.08446342129250001,0.06873539815305556,0.05470435185472222,0.02626165278027778,0.0151118055575,0.0006130601688888889,0.00851980421861111,9.26336111111111e-06,0.0696535787125,0.0180830277775,0.0120573981475,0.05544513888527777,0.12345839351833333,46.99815555555555,0.8759722222222223,7.72585,46.061911111111115,1014.5100611111112,3.501816666666667,125.55555555555556,0.008617,43.44283333333334,0.18333888888888888
2016-01-03 05:00:00,1451798999.5,0.7742237962938889,0.039578060180555555,0.7742237962938889,0.019322240056388888,0.08649167592583333,0.12665441204222222,0.0640947500038889,0.05145237037416667,0.0223876388825,0.01446514814861111,0.0006203796322222223,0.008242846638611112,9.865555555555555e-06,0.10109429166888889,0.017888425925277777,0.009934500001388888,0.032194592595,0.039578060180555555,49.443844444444444,0.7814277777777777,9.45486111111111,47.03523333333333,1007.9438222222221,8.187044444444444,43.102222222222224,0.0024612777777777775,42.79131666666667,0.09870555555555556
2016-01-03 06:00:00,1451802599.5,0.6972299259258333,0.019437296298333333,0.6972299259258333,0.052116124928055556,0.08353343980583335,0.11854400925527778,0.08566389815333333,0.05691269442972222,0.019418398139166668,0.013302759259166666,0.000596921348611111,0.010393747409444444,1.0569527777777778e-05,0.03586487962472222,0.011698171314722223,0.0226778750025,0.03470987036638889,0.019437296298333333,51.008338888888886,0.77045,8.790211111111113,49.88067222222222,1007.9338,7.205177777777777,152.45555555555555,0.0032871666666666665,43.07955555555555,0.10896666666666667
2016-01-03 07:00:00,1451806199.5,0.7305459398202778,0.03926742593305556,0.7305459398202778,0.03647459938472222,0.10090363888694444,0.11230867592472223,0.074767814815,0.05444325000083333,0.030179407409166668,0.013757902769999998,0.0006167360972222222,0.008152044994444444,1.0861472222222222e-05,0.10284648147722222,0.01283946760888889,0.007840500003333334,0.042939046295,0.03926742593305556,56.13987222222222,0.42436111111111113,9.994522222222223,55.68945555555556,1019.5486333333333,6.342672222222222,273.75055555555554,0.0,30.367438888888888,0.0
2016-01-03 08:00:00,1451809799.5,0.8952600185144445,0.09809740743749999,0.8952600185144445,0.05827806896,0.05641643981027778,0.09381160185027777,0.11476268981444444,0.066585217595,0.028132439809722222,0.014984023151111112,0.0027992454025,0.009421942640277776,1.071825e-05,0.16349330555694444,0.017213824091666666,0.01709025927666667,0.04053376852111111,0.09809740743749999,60.08166111111112,0.64165,8.869483333333333,59.98918333333333,1013.5511388888889,4.532061111111111,178.225,0.0028452222222222225,45.23454444444444,0.06138333333333333
2016-01-03 09:00:00,1451813399.5,0.4204436898238889,0.1397020694461111,0.4204436898238889,0.035127518031666666,0.03666400000027778,0.07103798611611112,0.06888095370222222,0.05562307407388889,0.029330754619166666,0.015354907399166668,0.0006098981377777778,0.010031429935833334,1.0023416666666666e-05,0.037352041669722225,0.010659462960277777,0.005379462966666667,0.029611328707500002,0.1397020694461111,51.603683333333336,0.5060833333333333,9.910422222222222,48.790033333333334,1008.7302055555556,12.81923888888889,265.0877777777778,0.0014000555555555554,32.76013888888889,0.03882777777777778
2016-01-03 10:00:00,1451816999.5,0.5697758703705555,0.08032834720083334,0.5697758703705555,0.018648791742777778,0.033173462959722226,0.06627120371055556,0.045631564804722226,0.06791420370333333,0.038680685183055556,0.01406226388638889,0.0005972870272222221,0.0034439794855555556,9.426083333333333e-06,0.11730237037361112,0.008941023143333332,0.00653684723,0.030885291666111113,0.08032834720083334,56.78890555555555,0.5374166666666667,9.97535,56.376466666666666,1019.2226222222222,5.313994444444445,199.75333333333333,0.00016322222222222224,38.855377777777775,0.006727777777777778
2016-01-03 11:00:00,1451820599.5,0.8148864722208333,0.08735003704694444,0.8148864722208333,0.03141604190444445,0.08707612962611111,0.10533291322555556,0.07782292473555556,0.058361134252222224,0.019873158592777777,0.013205879629444445,0.0006003795844444445,0.00877402592111111,9.350861111111111e-06,0.09693429511055555,0.02142617600138889,0.009902537048333333,0.05145999064805556,0.08735003704694444,57.80235555555556,0.6364833333333334,9.135477777777778,57.79494444444444,1019.2245888888889,3.906794444444445,204.0222222222222,0.0006584444444444445,43.74697777777778,0.024044444444444445
2016-01-03 12:00:00,1451824199.5,0.5864698750083334,0.0955601250013889,0.5864698750083334,0.03712025372722222,0.027102254633611114,0.071695439815,0.07804894443944445,0.05288162036027778,0.030216351852222222,0.014635157409444445,0.0006406481455555556,0.0085876008475,9.13825e-06,0.10712463889305555,0.0103840972075,0.012379787045555557,0.03198489352583333,0.0955601250013889,62.76807222222222,0.6580833333333334,9.448683333333333,62.76807222222222,1011.7225277777778,4.884594444444445,88.05444444444444,0.0031239444444444444,49.438449999999996,0.09892222222222222
2016-01-03 13:00:00,1451827799.5,0.4099904907425,0.08244404164944445,0.4099904907425,0.0210553213125,0.033642148153888884,0.06639726388527778,0.041373324066944446,0.05827907406694445,0.031142291663888887,0.013156208328333334,0.0006215231608333333,0.002131221533888889,9.139055555555556e-06,0.03428156944027778,0.0056723703475000005,0.005532101859999999,0.011150032408055555,0.08244404164944445,69.20092777777778,0.6381444444444445,8.759777777777778,68.8240888888889,1016.77995,4.527816666666666,220.25055555555556,4.511111111111111e-05,54.06541111111111,0.0009666666666666667
2016-01-03 14:00:00,1451831399.5,0.49521382870333336,0.08131797684722222,0.49521382870333336,0.01846638799861111,0.023816152776944443,0.06674571297083333,0.05471745369722222,0.05767291665916667,0.03817975463611111,0.014131523145833333,0.0006023471480555556,0.005139253415277778,8.717249999999999e-06,0.03139093519194445,0.009417611088333333,0.005116703705833333,0.02907399072722222,0.08131797684722222,75.53332777777777,0.6840777777777778,9.304466666666666,76.15360555555554,1018.2206611111111,5.1194500000000005,156.31444444444443,0.0007926666666666666,63.62582777777778,0.02465
2016-01-03 15:00:00,1451834999.5,0.31274480092722223,0.10311818518611111,0.31274480092722223,4.921527777777778e-06,0.02088416204583333,0.06677175462083333,0.02810161573722222,0.05713044444222222,0.04628982870722222,0.01303139350861111,0.0006294351775000001,3.8591640277777775e-05,8.97236111111111e-06,0.04351765278,0.0009258518233333334,0.003998194450555556,0.0009230462650000001,0.10311818518611111,69.82077777777778,0.6956277777777778,9.035266666666667,69.67904999999999,1014.8832222222222,5.625694444444444,188.11833333333334,0.005139444444444444,57.80186666666667,0.10810555555555555
2016-01-03 16:00:00,1451838599.5,0.35172530556416665,0.09325131018555556,0.35172530556416665,4.777888888888888e-06,0.021138620370555555,0.06716580554833333,0.028115217589999998,0.06258885647722222,0.0611373425975,0.0129710648025,0.0006502129783333333,3.9007343333333336e-05,8.684388888888889e-06,0.05756772221888889,0.0009729860825,0.004048782413333334,0.0009653564444444445,0.09325131018555556,67.13880555555556,0.7111666666666666,9.412855555555556,67.12506111111111,1018.6722277777778,5.86975,150.62277777777777,0.0003206111111111111,56.60646666666667,0.014338888888888889
2016-01-03 17:00:00,1451842199.5,0.4117110833375,0.10975490279888889,0.4117110833375,5.694805555555555e-06,0.022977962966111112,0.06744436111361111,0.044507458330555555,0.07661486110888889,0.05783359258027778,0.01334473611861111,0.000637995365,0.0018712658338888887,8.680166666666665e-06,0.05613668055083334,0.00777474072,0.011101041674722223,0.011743069417500002,0.10975490279888889,69.26952777777778,0.7483388888888889,8.364455555555557,69.23698333333334,1008.5071277777778,5.491005555555556,199.11555555555555,0.009141444444444443,59.52835555555555,0.14983333333333332
2016-01-03 18:00:00,1451845799.5,0.5162880740752778,0.09359850462333333,0.5162880740752778,0.032679442929722226,0.03444872221638889,0.06759767592611111,0.0765866342536111,0.07484189351277777,0.05097481944388889,0.014509532413333333,0.0006336805758333332,0.005560780522499999,8.694527777777777e-06,0.03383067129166666,0.012289731460277778,0.005800319445277778,0.029251833333611112,0.09359850462333333,62.98471111111111,0.6516555555555555,9.82165,62.98471111111111,1001.1430888888889,8.596655555555555,266.9788888888889,0.002523,50.63238333333333,0.07701111111111111
2016-01-03 19:00:00,1451849399.5,0.8350150972249999,0.07008568057416667,0.8350150972249999,0.04175311997666666,0.025524509260555557,0.06693627315472223,0.05279550462555555,0.06990240740805555,0.055949138884444444,0.018220453706666667,0.0017349351691666667,0.007996334800833333,8.795916666666667e-06,0.1968142546172222,0.036056546287500005,0.007769583322500001,0.03939599074083333,0.07008568057416667,59.42684444444445,0.5886944444444445,9.697327777777778,59.35112222222222,1011.5861222222222,8.277322222222223,254.1761111111111,0.004706055555555555,43.670011111111116,0.04704444444444445
2016-01-03 20:00:00,1451852999.5,0.6271721990752778,0.09096704627833332,0.6271721990752778,0.03732514199694445,0.02389045832861111,0.06775900925361111,0.06810641666916667,0.07095976388805555,0.04523095370333333,0.014950041666666665,0.0006599166769444445,0.006509507802222222,8.773027777777778e-06,0.10471078240277779,0.01661637035611111,0.015567240740000002,0.034936902773333334,0.09096704627833332,60.47205,0.6427222222222223,9.191972222222223,60.47205,1006.846461111111,11.053838888888889,297.2261111111111,0.00012566666666666667,47.64362222222223,0.004188888888888889
2016-01-03 21:00:00,1451856599.5,0.4545174120486111,0.10806941666527776,0.4545174120486111,0.038897870408055556,0.03190510184694444,0.06649724074027778,0.06286221296305555,0.06395643519305556,0.031860398144999996,0.013406129620277778,0.0006428101566666667,0.005253783151666667,8.952972222222223e-06,0.047498296296944444,0.014780615745555557,0.008965930565,0.02816602777916667,0.10806941666527776,69.05601666666666,0.5703444444444444,9.982716666666667,68.87637777777778,1010.4772444444444,5.055094444444444,214.61444444444444,3.061111111111111e-05,51.201055555555556,0.00048333333333333334
2016-01-03 22:00:00,1451860199.5,0.4443483703830556,0.08331238888027777,0.4443483703830556,0.017338308124166667,0.024049374996111112,0.06612218981861111,0.062337476843888885,0.059487634251388886,0.03134855092388889,0.014952236111944444,0.0006417915994444444,0.004168806520555555,9.351138888888889e-06,0.035456708325833336,0.008946814798333333,0.005383759266944444,0.016353111114166666,0.08331238888027777,68.99008888888889,0.533088888888889,9.985383333333333,68.72625555555555,1020.5649722222222,4.892127777777778,154.7888888888889,0.0,49.40232777777778,0.0
2016-01-03 23:00:00,1451863799.5,0.4434533286966667,0.12593421762888887,0.4434533286966667,0.01090670820611111,0.024862523155277778,0.06638285184027778,0.08495752778194444,0.06024763426083333,0.04196944907472222,0.013878500003055556,0.0006324212588888889,0.0057562678816666666,9.374972222222222e-06,0.03783538425277778,0.01944049997583333,0.008048513890000001,0.028141657407777777,0.12593421762888887,69.76047777777778,0.6230444444444444,9.855644444444444,69.73173333333332,1013.9920055555556,7.100588888888889,227.03666666666666,0.0011793333333333334,54.59253888888888,0.036894444444444445
2016-01-04 00:00:00,1451867399.5,0.5965106296319443,0.1182763842563889,0.5965106296319443,0.02701376535888889,0.02250131481916667,0.06624686573916667,0.10157454629583333,0.07100168980944443,0.05192481944222222,0.013584717596666667,0.0006466250055555555,0.0048046188083333335,9.310583333333334e-06,0.13403508796222222,0.026372041655833334,0.006087337973333333,0.04027086574111111,0.1182763842563889,67.93891111111111,0.546088888888889,9.937205555555556,67.82919444444444,1013.0581722222222,4.783672222222222,180.255,0.00014177777777777778,48.948505555555556,0.004672222222222223
2016-01-04 01:00:00,1451870999.5,0.4879270509183333,0.12153037036888889,0.4879270509183333,0.019833710377222223,0.022530680548055557,0.06623237036861111,0.08784195833666668,0.06450768055833334,0.04278473148055556,0.014256287037777779,0.001704652812222222,0.005691397283888889,9.101194444444444e-06,0.08282018055944444,0.021097624991666668,0.0074746296375,0.00785018055138889,0.12153037036888889,69.89778333333334,0.5968777777777778,9.947438888888888,69.64032777777777,1020.8839833333333,5.110427777777778,197.2761111111111,0.0,53.67176666666667,0.0
2016-01-04 02:00:00,1451874599.5,0.5124997916672223,0.11382975925083334,0.5124997916672223,0.02106553937138889,0.02535892129555556,0.06824586573416666,0.1118050648063889,0.07210277315694444,0.04337892593638889,0.014215425929444445,0.0006438379447222223,0.006161609790555555,9.448888888888888e-06,0.030517513887777778,0.016918856473055556,0.009818152794444444,0.0326760046325,0.11382975925083334,72.94402777777778,0.7095888888888889,9.420483333333333,72.8937611111111,1013.1346111111111,7.509238888888889,214.97333333333333,0.0040019999999999995,61.916494444444446,0.10842777777777779
2016-01-04 03:00:00,1451878199.5,0.45132865278305556,0.12049926386722223,0.45132865278305556,0.01622503248888889,0.02380273147611111,0.06897853704111112,0.05039479166888888,0.06834729630305555,0.053620833331666666,0.014606819446666667,0.0006437592569444444,0.005104814790833333,9.40325e-06,0.08165131019194444,0.019539736087222224,0.0056242685230555554,0.016533111106666665,0.12049926386722223,70.22465555555556,0.6555222222222222,9.7767,70.11574444444445,1013.7890833333333,7.089938888888889,255.15555555555557,0.004311333333333333,56.65642777777778,0.0853888888888889
2016-01-04 04:00:00,1451881799.5,0.5940636435186111,0.08253936112638889,0.5940636435186111,0.015555189365833333,0.024765226850555554,0.06837900463,0.08867476851666665,0.0859988009311111,0.054872245366388885,0.013955736110555556,0.0006354351888888889,0.006066452049444444,8.985916666666667e-06,0.034255384265,0.020060342588611113,0.006027120372222222,0.01644293981861111,0.08253936112638889,69.52840555555555,0.5677166666666666,9.716650000000001,69.30462222222222,1015.757061111111,6.5675,239.99777777777777,0.0015115,51.405950000000004,0.04621111111111111
2016-01-04 05:00:00,1451885399.5,0.4754279722161111,0.11503642594472223,0.4754279722161111,0.03548424899916666,0.031484152777499996,0.06811993055666667,0.07016115739666667,0.07396766204305556,0.05358091204194444,0.013552074070833335,0.0012013518755555556,0.005492364923888889,9.458416666666666e-06,0.03148991203888889,0.010192189806388889,0.008522518518888888,0.03722419907444445,0.11503642594472223,76.76545555555556,0.6893666666666666,9.2785,77.35979444444445,1008.7997555555556,4.65695,219.97277777777776,0.0031381666666666667,64.6875388888889,0.06817777777777778
2016-01-04 06:00:00,1451888999.5,0.5544720925936111,0.10944858333527778,0.5544720925936111,0.03149834310472222,0.030940273142222224,0.06741606945361112,0.07472087963194445,0.08578732870722222,0.048925365741666664,0.015366689815833333,0.0006248472041666666,0.007515527863333334,9.096666666666667e-06,0.04141872685305556,0.020779787029722222,0.008047972225555556,0.02377423611166667,0.10944858333527778,67.27993055555555,0.8302222222222223,8.392061111111111,67.27993055555555,1010.2174388888889,4.548277777777778,88.4725,0.003657361111111111,61.72355,0.13486944444444443
2016-01-04 07:00:00,1451892599.5,0.5705258981475,0.10964477773388888,0.5705258981475,0.033216555315,0.03214154629805555,0.06729042592166667,0.07687853240166667,0.07457433334138888,0.05334960185055556,0.014460458326666667,0.0006689398322222222,0.006993332886666667,8.888277777777778e-06,0.08531487962527778,0.03707122684111111,0.005588722224166666,0.02076579629638889,0.10964477773388888,68.95948055555556,0.7155861111111111,9.219211111111113,68.93747222222223,1016.6397472222221,4.500116666666667,249.3061111111111,0.0012791666666666667,58.31666944444445,0.04098888888888889
2016-01-04 08:00:00,1451896199.5,1.2550466065019443,0.07353741667722223,1.2550466065019443,0.03087856932194444,0.050522939810833334,0.12470902315055556,0.06379582870555556,0.07948667593388889,0.062023884259999995,0.013972754627222223,0.0006228102175,0.006522720651944445,8.75475e-06,0.09058470833722222,0.012034754623611112,0.005909370365833334,0.02081506018638889,0.07353741667722223,76.71929722222221,0.7340722222222222,8.772125,77.60840555555556,1012.9308722222222,7.561166666666667,198.87555555555556,0.004066,66.65506111111111,0.06095833333333334
2016-01-04 09:00:00,1451899799.5,0.5448505740758334,0.04942621297527778,0.5448505740758334,8.566212777777777e-06,0.028284166670277777,0.0664705694475,0.078063555555,0.07534419444638889,0.046638351841944446,0.013358314814722222,0.005751634250555556,0.0072724902375,8.309944444444444e-06,0.030650574073611114,0.015057574059999999,0.00741094445,0.00918376851388889,0.04942621297527778,75.28596111111112,0.6945749999999999,9.432725,75.67175277777778,1016.4805388888889,3.821527777777778,216.4713888888889,0.0007869166666666667,63.55600555555555,0.02945
2016-01-04 10:00:00,1451903399.5,0.9847161759177777,0.10744211110666667,0.9847161759177777,0.03304554477055556,0.0594297685125,0.08455138889194444,0.10173938426222222,0.08624629166916667,0.05881981481555555,0.013996291665277778,0.0006361898336111111,0.007324086009444444,8.772444444444445e-06,0.030286129630555554,0.012548592584722223,0.015351777778611112,0.029400458334166667,0.10744211110666667,72.35903055555556,0.594775,9.884858333333332,72.58940555555556,1018.552525,7.116272222222222,270.60333333333335,0.0016371666666666668,55.968061111111105,0.033091666666666665
2016-01-04 11:00:00,1451906999.5,1.5861773009111113,0.07942417132972222,1.5861773009111113,0.037875477043333335,0.1030628842661111,0.12405917128694444,0.11516969444805555,0.07439321758416666,0.06325159722222222,0.013994527772222222,0.00064873143,0.006185964024444444,8.888999999999999e-06,0.04346862500083334,0.00922876389222222,0.013688472232777776,0.027979879630277777,0.07942417132972222,75.97217222222223,0.6303694444444444,9.8822,76.35014444444445,1014.1978111111112,6.532977777777778,238.98777777777778,0.00022641666666666665,60.86995833333334,0.007758333333333333
2016-01-04 12:00:00,1451910599.5,1.9700613842536112,0.09434826853916667,1.9700613842536112,0.044712654569999996,0.08411307870555557,0.17259080555777778,0.1352814120425,0.07933395371083334,0.059289912032222225,0.022098898145833334,0.0006286990555555555,0.007011126045,9.328027777777777e-06,0.050087666666111114,0.023425194434166668,0.014255564818611111,0.024075782414166667,0.09434826853916667,76.48767222222222,0.6314861111111111,9.777930555555557,76.76789166666666,1012.6345888888889,6.079783333333333,249.0913888888889,0.0007409999999999999,61.40251666666666,0.025016666666666666
2016-01-04 13:00:00,1451914199.5,0.5358742222266667,0.10561459260555556,0.5358742222266667,0.017848829320555554,0.030787675933611112,0.06860788888305555,0.10196143981111111,0.07326740276333334,0.053450620369444445,0.013392777788055555,0.018641111109722223,0.005400026853333333,8.666666666666666e-06,0.0310044398125,0.01354692129,0.020270634266111108,0.033364657410555554,0.10561459260555556,78.03055555555555,0.5896777777777779,9.917186111111112,77.97494722222223,1012.0784749999999,5.250366666666666,254.62472222222223,0.0,60.65528055555556,0.0
2016-01-04 14:00:00,1451917799.5,0.4308980787075,0.11324188428194445,0.4308980787075,0.017049905981666665,0.02145709258638889,0.06779497684916667,0.05401721296138889,0.08600661111027777,0.06925168055611111,0.013623546297777778,0.0014426620258333332,0.0021611255402777777,8.911277777777778e-06,0.036611578707222224,0.0072886944275,0.004770597227222222,0.011570523175,0.11324188428194445,73.49035555555555,0.7656833333333334,8.718966666666667,73.7392888888889,1014.4136861111111,3.8951611111111113,117.14194444444445,0.014461916666666666,64.87350277777777,0.22611111111111112
2016-01-04 15:00:00,1451921399.5,1.6692646342647224,0.09981408333472222,1.6692646342647224,0.03331269631805556,0.09394538888722222,0.14804411573583334,0.05758286574472222,0.08346312037111112,0.06922204629305556,0.01337625463,0.0006245556466666666,0.0043290282525,8.657333333333333e-06,0.03447447222083334,0.016674166686666665,0.021541703710000002,0.026161259257222222,0.09981408333472222,68.90325555555556,0.8135527777777778,9.14186111111111,68.90325555555556,1019.3256861111112,3.864475,48.935833333333335,0.0132955,62.694069444444445,0.1985388888888889
2016-01-04 16:00:00,1451924999.5,2.2367101851905553,0.09889078703583334,2.2367101851905553,0.018446150159444445,0.10717878703833333,0.19347151851944444,0.11838232406944443,0.08233119444361112,0.08039424999527776,0.013841537042222221,0.0005987825583333333,0.006095710028055555,8.87025e-06,0.031121856487777776,0.01847476390972222,0.009507453706944445,0.027537407409444443,0.09889078703583334,70.1055,0.674611111111111,9.236538888888889,70.07614166666667,1019.5250416666667,4.82165,177.84527777777777,0.0,57.08011111111111,0.0
2016-01-04 17:00:00,1451928599.5,1.894572203698889,0.06735818055277777,1.894572203698889,0.04644323668388889,0.09847070832972223,0.15488331482055556,0.1158532870425,0.08350130556305554,0.12070413889111112,0.014478787035,0.0017160231519444446,0.010824237868333333,8.527416666666666e-06,0.10083237036944444,0.018225870399722222,0.018882791672222222,0.0258311897975,0.06735818055277777,73.09389444444444,0.6880805555555556,9.691883333333333,73.39099444444444,1009.7233833333333,6.070116666666666,241.26583333333335,0.0012967500000000002,61.280924999999996,0.046233333333333335
2016-01-04 18:00:00,1451932199.5,0.7150098055597222,0.05015621296944445,0.7150098055597222,0.02997051839888889,0.02973078241,0.06634643518833333,0.08680575001055556,0.07386825463055555,0.05698470833166667,0.013592879629722223,0.015096583335555554,0.008579466813055556,8.402861111111111e-06,0.04180761574055556,0.017291666656944444,0.012274884253055555,0.044464537034444446,0.05015621296944445,73.85738333333333,0.6627194444444444,9.581502777777779,73.95270000000001,1020.4419083333333,5.6464,218.20888888888888,0.005859916666666667,60.08025,0.10560833333333333
2016-01-04 19:00:00,1451935799.5,0.48820081018166667,0.11642078703944445,0.48820081018166667,0.015011647271111112,0.027339949067222223,0.06621887499555555,0.07690677314861112,0.07571318518,0.08068213888722221,0.01366387963138889,0.0006663888477777777,0.007964022482777777,8.721444444444445e-06,0.030626037045277776,0.0106888657425,0.01987875462666667,0.03564807870805555,0.11642078703944445,79.2624111111111,0.8117833333333333,8.598977777777778,82.25996388888889,1013.5805166666667,4.3606388888888885,202.03083333333333,0.0048326666666666665,72.55118055555556,0.1286027777777778
2016-01-04 20:00:00,1451939399.5,1.4270042175969444,0.09887499999222223,1.4270042175969444,0.03447109779888889,0.024163907402222223,0.1606196342638889,0.09780576388805555,0.08172122222388888,0.1490428472175,0.015029282400277778,0.0006331342202777777,0.005673146126388889,8.911166666666665e-06,0.06020845833888889,0.01434522223111111,0.014061624996666668,0.015055115739444444,0.09887499999222223,77.68175,0.7389361111111111,9.792588888888888,79.74247222222223,1016.3497444444445,5.409127777777778,225.42416666666668,0.0070581666666666674,68.02928333333332,0.13787222222222223
2016-01-04 21:00:00,1451942999.5,1.107050749998611,0.09670247683472222,1.107050749998611,0.032241134108055555,0.03412402314222222,0.10794650463500001,0.190416851845,0.08577206481277778,0.1269429444386111,0.013609805554722224,0.016783763954166666,0.007637933818055556,8.72161111111111e-06,0.031004486115555556,0.015683388886666667,0.017010055552222222,0.06456336111333333,0.09670247683472222,75.71066111111111,0.7143472222222222,9.865330555555555,76.3766111111111,1015.928936111111,6.855483333333334,229.80638888888888,0.0019284166666666666,65.15550833333333,0.051180555555555556
2016-01-04 22:00:00,1451946599.5,2.402418407408889,0.06860930556333333,2.402418407408889,0.032888447564444444,0.10935576388416667,0.20362079629583332,0.10248387500416666,0.0932625972475,0.10195855555472222,0.014265949073611112,0.001218046263611111,0.0069998810863888886,8.967611111111111e-06,0.06568208333472222,0.013437162048611112,0.016250578732777778,0.035659652786388885,0.06860930556333333,72.98872777777777,0.7393,9.645188888888889,73.21929444444444,1013.8248694444445,4.567880555555555,181.17694444444444,0.00012675,63.332613888888886,0.004552777777777778
2016-01-04 23:00:00,1451950199.5,2.9770589953672224,0.09861047221611112,2.9770589953672224,0.039628516906944446,0.1376216944486111,0.23689757870944445,0.0397053703725,0.12390070369638888,0.1506691851811111,0.013714472214722221,0.004205370418055555,0.008318141587777777,9.21238888888889e-06,0.031893916664444445,0.02561029629027778,0.011612069445277779,0.11735117129638889,0.09861047221611112,67.59533611111111,0.6976888888888888,9.565380555555556,67.78926111111112,1017.8783361111111,6.836833333333333,260.96555555555557,0.008790666666666667,56.135727777777774,0.10085833333333334
2016-01-05 00:00:00,1451953799.5,2.1796169259291664,0.07430075463722222,2.1796169259291664,0.03236637080055556,0.12263624073805555,0.16994844907166667,0.11494349074555556,0.08274199999888888,0.14084232870472221,0.0139806342625,0.017931175915555556,0.006750232766944444,8.999444444444443e-06,0.030141032409444442,0.0149053611275,0.018159333339166667,0.040396212963611115,0.07430075463722222,73.94089722222222,0.7174444444444444,9.469755555555556,74.49186111111112,1018.4277166666666,6.368825,214.82,0.00019791666666666663,63.194361111111114,0.006016666666666667
2016-01-05 01:00:00,1451957399.5,1.5152879768508334,0.10714758332916667,1.5152879768508334,0.041949147410277776,0.10194832870500001,0.12311756017388889,0.1129518426,0.07496118518388889,0.06652635185638889,0.013547819441388888,0.000663222228888889,0.00906952235,8.639027777777777e-06,0.033340314804444444,0.009958296294722222,0.006824972228055555,0.031915666665833335,0.10714758332916667,73.22928055555555,0.6964416666666667,9.772158333333332,73.34252500000001,1021.2834972222222,5.234969444444444,200.78805555555556,0.00010766666666666666,61.66876388888888,0.0052250000000000005
2016-01-05 02:00:00,1451960999.5,1.087231967596111,0.09671264812694444,1.087231967596111,0.04606430740888889,0.03252147685861111,0.1138292824075,0.10044037962138888,0.09003092130000001,0.0752261481461111,0.014600347215555556,0.002295685088888889,0.008259883028888889,8.318722222222222e-06,0.03609735648416667,0.021683287046388888,0.014914333331944444,0.0306610972325,0.09671264812694444,70.80279444444444,0.6832527777777778,9.924000000000001,70.72188611111112,1017.5104027777778,5.529197222222223,223.30083333333334,0.0,58.55888888888889,0.0
2016-01-05 03:00:00,1451964599.5,0.5313727916625001,0.11666366667611111,0.5313727916625001,0.03667985511,0.02441443981111111,0.0677777870386111,0.11088990278555556,0.07523164813555556,0.06982507870555556,0.013546569445555557,0.0006763240530555555,0.006806112483055555,8.611055555555556e-06,0.03599206945388889,0.0110221851825,0.012259189823055554,0.031672634256666665,0.11666366667611111,66.567075,0.7159,9.778808333333332,66.567075,1016.9145416666667,4.689825,136.25333333333333,0.0010624166666666666,56.157380555555555,0.038158333333333336
2016-01-05 04:00:00,1451968199.5,0.7425812916619444,0.09697271295722222,0.7425812916619444,0.018300072492777777,0.05871906018611111,0.06641616204,0.06518512500444444,0.08850206944861111,0.09299902314611111,0.013078717589166667,0.000659912038888889,0.0036881637880555557,8.272166666666667e-06,0.0304498379625,0.006404277780555556,0.005691884258611111,0.020347699080555556,0.09697271295722222,65.40301388888889,0.65935,9.737772222222222,65.40301388888889,1022.3535444444445,8.03733888888889,29.449444444444445,2.0222222222222222e-05,52.467725,0.00025277777777777777
2016-01-05 05:00:00,1451971799.5,1.7149283518519443,0.11274243515194445,1.7149283518519443,0.016969830666666668,0.12484243055222223,0.16495661574444445,0.08248633796388889,0.06767095832388889,0.08679736110694444,0.013383763888055554,0.0006535045752777778,0.005262294196388889,8.43436111111111e-06,0.030606287040555555,0.013528847230833333,0.017625722229166668,0.015166518514166666,0.11274243515194445,72.66868611111111,0.7839833333333334,9.182411111111112,72.98234444444445,1015.3207638888889,6.756308333333333,81.73833333333333,0.0021685555555555555,65.20757222222223,0.048725
2016-01-05 06:00:00,1451975399.5,0.7057381157405556,0.061253134279722225,0.7057381157405556,0.01604101797361111,0.03909551387916667,0.066219666655,0.12642961110916667,0.07582570370416666,0.06564281019111111,0.0137238009275,0.0006876157522222223,0.0087340226975,8.407111111111112e-06,0.030725731476111108,0.01012512036888889,0.005639550931388889,0.02681074074416667,0.061253134279722225,75.80510277777778,0.7683694444444444,9.074208333333333,76.45601111111111,1013.0739722222222,6.105011111111112,205.6186111111111,0.0043139722222222225,67.38918055555555,0.06660555555555556
2016-01-05 07:00:00,1451978999.5,0.6744329305505555,0.10112339814361111,0.6744329305505555,0.03312677178805556,0.029198888881944444,0.0674127407411111,0.08913188425527778,0.07999214815416668,0.07190954166722222,0.014400138890277778,0.016588490751944445,0.008071912941111111,8.596527777777777e-06,0.103742097225,0.011192564824166666,0.005924634265,0.0289737175925,0.10112339814361111,64.56045555555556,0.6628027777777779,9.653472222222222,64.53100555555555,1021.0575222222222,5.727283333333333,228.06555555555556,0.0,51.31995,0.0
2016-01-05 08:00:00,1451982599.5,0.6897406388880556,0.08427610649388888,0.6897406388880556,0.049506363968611106,0.026175879630833336,0.06670975000416667,0.08576668054666665,0.07482389814861111,0.08348952777194445,0.013734652773055555,0.0006901296072222222,0.006785947948888889,7.94838888888889e-06,0.08912264815,0.01882292592833333,0.010662814815555555,0.02722730556277778,0.08427610649388888,62.81823611111111,0.663838888888889,9.69831111111111,62.77279444444444,1022.9334722222222,5.469336111111112,188.15722222222223,0.00013933333333333335,50.034175,0.00665
2016-01-05 09:00:00,1451986199.5,0.9132957037127778,0.073792699085,0.9132957037127778,0.014931474585555554,0.03660758796611111,0.09000410648194444,0.08391616204194444,0.08312911111138889,0.08088418981694444,0.013844152774444445,0.018659374955833335,0.007404741754166666,9.203666666666668e-06,0.051700731475277775,0.012069949086388889,0.013979101865277779,0.02733760649222222,0.073792699085,67.07043888888889,0.8075722222222222,9.199822222222222,67.07043888888889,1019.5013916666667,6.299430555555555,174.70638888888888,0.008601555555555557,60.42084444444445,0.12342777777777778
2016-01-05 10:00:00,1451989799.5,1.5965609074102778,0.07865870372694445,1.5965609074102778,0.04563359461527777,0.032154462965277776,0.1560256296227778,0.06816532407277778,0.09085290277472222,0.0750791759213889,0.013943648163888888,0.0006532268552777778,0.008112001822222221,9.305277777777778e-06,0.13851538425888887,0.010596439786111111,0.012814754615833333,0.045015527775833335,0.07865870372694445,68.54503611111112,0.8140027777777777,7.847755555555555,68.60773611111111,1019.8904555555556,3.1549805555555555,199.41222222222223,0.003111944444444444,61.60785,0.04313888888888889
2016-01-05 11:00:00,1451993399.5,0.6254473981474999,0.1141162870786111,0.6254473981474999,0.03292910930527777,0.03359438889,0.06770576388888888,0.07799899535916667,0.08165603704694445,0.07379731944583333,0.01909543981777778,0.0023114537308333333,0.007771864550277778,9.2965e-06,0.03450271759666667,0.017686384259722222,0.01861171760722222,0.045305703702777776,0.1141162870786111,63.70638888888889,0.6921361111111112,9.750763888888889,63.636722222222225,1018.8499722222222,5.551472222222222,185.98305555555555,0.0010418333333333334,52.1198,0.04385833333333334
2016-01-05 12:00:00,1451996999.5,0.4943001111161111,0.11003340739805556,0.4943001111161111,0.030796526424999998,0.022624268511944445,0.06864080092333333,0.05323230092222222,0.07311259259444444,0.07372964352444444,0.013425587967222222,0.0006808657369444445,0.0039941751866666665,8.920805555555555e-06,0.07007976851,0.007813226861666666,0.005545680572777778,0.015269486113333333,0.11003340739805556,52.84804722222222,0.6993111111111111,9.188605555555556,52.63841388888889,1020.014975,5.204025,227.42805555555555,0.004468888888888889,41.732322222222216,0.0637638888888889
2016-01-05 13:00:00,1452000599.5,0.4842692222277778,0.05213810648027778,0.4842692222277778,0.00017609972361111112,0.02431848611,0.06849868056916666,0.051595263889444444,0.06024224536666667,0.07032741666138889,0.012929796301388888,0.0013276712827777779,0.0026815695569444445,8.912444444444444e-06,0.03162366667694445,0.00959099073638889,0.004908458345277778,0.010168486108888888,0.05213810648027778,58.54250833333333,0.7447527777777778,9.597769444444445,58.54250833333333,1023.0684138888889,6.921463888888889,75.67055555555555,2.1444444444444443e-05,49.96334722222222,0.00036111111111111115
2016-01-05 14:00:00,1452004199.5,0.6096703101830556,0.07533935185361111,0.6096703101830556,0.03239299412472222,0.02455665278138889,0.07007491667388889,0.09689398148388889,0.08422734721916668,0.06265535648083333,0.013588115746944445,0.0006491203955555555,0.007889501919444444,9.120805555555555e-06,0.03277390277694444,0.0120661388825,0.01875951388166667,0.03221806943694445,0.07533935185361111,53.34336944444445,0.854425,7.950147222222222,52.91792777777778,1025.890611111111,7.8827694444444445,29.965,0.0034310833333333333,48.99000277777778,0.127775
2016-01-05 15:00:00,1452007799.5,0.664115189816389,0.07518683797388888,0.664115189816389,0.05240552877166667,0.03474305091944445,0.06890422222499999,0.06797046759805556,0.07345882871222222,0.05444086573416667,0.014162027778055556,0.0007047639294444444,0.006733285551111112,8.689499999999999e-06,0.0321863333425,0.014997981503611112,0.008897601851944445,0.029552935185,0.07518683797388888,58.00891666666667,0.8410555555555556,9.362144444444445,57.87127222222222,1021.7127361111111,3.59625,108.80916666666667,0.0007726666666666667,52.987627777777774,0.026283333333333336
2016-01-05 16:00:00,1452011399.5,0.9463399537127778,0.09767227313777778,0.9463399537127778,0.04848596857166666,0.054219731480277776,0.06854231944722222,0.10478961574666666,0.07062279630555555,0.034013125000555554,0.01616125463361111,0.006453236163611111,0.010769858255277778,8.11461111111111e-06,0.09013980092444444,0.029318722242222223,0.013246064811666666,0.07797196759555555,0.09767227313777778,55.34446666666666,0.7546305555555556,8.329583333333334,54.94472777777777,1026.3337194444446,3.4475694444444445,155.58666666666667,0.0,46.21958055555555,0.0
2016-01-05 17:00:00,1452014999.5,0.5434067222205555,0.05657839811805555,0.5434067222205555,0.018172808983333334,0.024100421303611112,0.07088795369694444,0.0814047083325,0.06040337499138889,0.03761378703555556,0.014069486115277778,0.014806277779444444,0.006229349412222222,8.65288888888889e-06,0.03276158796361111,0.009353236134444444,0.013446342591666665,0.035806907410277776,0.05657839811805555,53.390147222222225,0.8074305555555555,8.560433333333334,52.22940555555555,1018.9570694444445,6.529130555555556,221.77416666666667,0.00387125,47.345419444444445,0.1273
2016-01-05 18:00:00,1452018599.5,0.6632748240699999,0.035200370380555554,0.6632748240699999,0.03310575516027778,0.02571498148888889,0.09169309722,0.11323326851444444,0.055324990737222225,0.03532807870555556,0.013843055548333334,0.000690282383888889,0.007829957334166667,8.601611111111111e-06,0.06810850925222223,0.014651597253611112,0.009007615748055555,0.03284972222055556,0.035200370380555554,49.05316388888888,0.7028,9.796180555555555,48.391172222222224,1027.8193583333334,4.558997222222222,203.56472222222223,0.0,38.20888055555555,0.0
2016-01-05 19:00:00,1452022199.5,0.8041093981491666,0.03949697221388889,0.8041093981491666,0.04848318579888889,0.03279368981861111,0.07659151388777778,0.10093414814083333,0.06861087963388889,0.0329714212925,0.013789620367222222,0.0012952777619444444,0.008119948587777778,8.226027777777778e-06,0.05907206017888889,0.02268862965972222,0.02274347222,0.04385691666277777,0.03949697221388889,49.52393055555555,0.7005027777777778,9.709502777777777,48.38361388888889,1024.8758833333334,5.8680972222222225,199.30638888888888,0.0003736666666666667,39.08235,0.015675
2016-01-05 20:00:00,1452025799.5,0.6085626851833333,0.07587283336,0.6085626851833333,0.038080610284722226,0.024224421304722223,0.06724979629527778,0.13964358334083335,0.06362733334333333,0.03280681945194445,0.013668925918611111,0.001239634246111111,0.007311909217222223,7.837027777777779e-06,0.03986004629472222,0.009130976861666668,0.011186402768333333,0.032117199075277776,0.07587283336,57.58336111111111,0.8217138888888889,8.564205555555555,57.28901944444444,1016.5767694444445,3.980166666666667,185.37416666666667,0.0004623333333333333,51.70323055555556,0.019475
2016-01-05 21:00:00,1452029399.5,0.40704322685833333,0.049473041674722225,0.40704322685833333,3.1902733055555555e-05,0.02276224073638889,0.06775895369416667,0.044918629630277776,0.057050208333888894,0.03204719907472223,0.013347930553611111,0.0013160648188888888,0.0034664248613888887,7.434222222222223e-06,0.03835385647694444,0.0069454167,0.004281685191111111,0.013453416664444443,0.049473041674722225,63.89824166666667,0.7204944444444445,9.452666666666666,63.811475,1015.9406083333333,6.719602777777777,163.35083333333333,0.00040838888888888885,53.92478333333333,0.016441666666666667
2016-01-05 22:00:00,1452032999.5,0.7358348518483333,0.07113897225055556,0.7358348518483333,0.03268160896583333,0.043462750007222224,0.10055107407444445,0.081095407415,0.06099192593,0.029611194441111113,0.013755171301666667,0.0006635046197222222,0.008748855081388889,7.94863888888889e-06,0.039236101863888886,0.029306842612777776,0.022811449072777778,0.044108495371944445,0.07113897225055556,53.62688055555555,0.809111111111111,7.953544444444444,51.28148888888889,1001.0976333333333,8.391952777777778,233.98611111111111,0.012289944444444445,47.11079166666667,0.3038666666666667
2016-01-05 23:00:00,1452036599.5,0.5408391342594444,0.06929769442333333,0.5408391342594444,0.03799522556361112,0.025917384266666666,0.09168528240694444,0.08083856481777776,0.054096314821666665,0.026527773143333332,0.013604555551944444,0.0006630092925,0.009354245211388888,8.008472222222222e-06,0.03210707870722222,0.013519606495833333,0.022817175916388887,0.031973138893333336,0.06929769442333333,44.35627777777778,0.5761472222222223,9.962950000000001,40.49443333333333,1016.5885388888889,9.735594444444445,280.6147222222222,0.0002454166666666667,29.563305555555555,0.010925
2016-01-06 00:00:00,1452040199.5,0.7815440231427778,0.0707334351625,0.7815440231427778,0.03519708192388889,0.02654233796472222,0.10286783333944445,0.08131151852527778,0.07265803703861111,0.02753118981611111,0.014505092588055556,0.0006307500780555555,0.008765878027777778,8.184444444444445e-06,0.1348696620363889,0.020133342607222222,0.02395261111388889,0.03403212964138889,0.0707334351625,37.511675,0.7429833333333332,8.420783333333333,32.73072777777778,1024.9893861111111,7.650352777777778,204.21277777777777,0.010011416666666667,29.36006666666667,0.20678333333333332
2016-01-06 01:00:00,1452043799.5,0.7078058472250001,0.05229915279,0.7078058472250001,0.03700011065361111,0.025518930550555558,0.06370751851805556,0.10469913425111112,0.06898322223444445,0.037975930552222224,0.014197106478333332,0.019675634269166666,0.007818789529166667,8.573888888888889e-06,0.09033263888861111,0.014420819490833334,0.0069307315000000005,0.0395402546375,0.05229915279,47.695277777777775,0.7548472222222222,9.817758333333334,45.62492777777778,1015.0864,6.537575,269.5697222222222,0.0015991666666666665,39.93989722222222,0.0551
2016-01-06 02:00:00,1452047399.5,0.6146982638775,0.03411468519277778,0.6146982638775,0.01679079185638889,0.024119620374444446,0.06371318982305556,0.12289112962833333,0.07012081018611112,0.03763628240861111,0.01587117592833333,0.0006566897886111111,0.008062721225277777,9.36136111111111e-06,0.05400341203722222,0.010593870402777778,0.014446819426666667,0.03648967592472223,0.03411468519277778,46.536516666666664,0.7568555555555555,9.749016666666666,44.91865833333334,1024.1906666666666,4.8478666666666665,176.00555555555556,0.0,38.63585555555555,0.0
2016-01-06 03:00:00,1452050999.5,0.7493755833288889,0.053015425948055556,0.7493755833288889,0.05048965228722223,0.09147652777777777,0.12078025462694444,0.08016009259638888,0.0655452037,0.027317708336666666,0.017004518514722223,0.0006728148341666667,0.008985571804166665,8.846611111111112e-06,0.04455267129333333,0.018721481497222223,0.01588985175888889,0.04441541214722222,0.053015425948055556,48.487702777777784,0.7143833333333334,9.470572222222222,47.14562777777778,1017.5925277777778,6.442708333333333,268.73333333333335,0.00038158333333333333,38.985038888888894,0.013458333333333334
2016-01-06 04:00:00,1452054599.5,0.8904052870355555,0.0728800648138889,0.8904052870355555,0.037105237218888885,0.11938723148000001,0.13626073148416668,0.09761167592444445,0.05263505093444444,0.02530472685222222,0.015557324070833333,0.014216152778333335,0.009529403610555555,8.717472222222222e-06,0.0983043981525,0.010508009236666668,0.014592486103888889,0.039285296297222216,0.0728800648138889,39.22236111111111,0.7119000000000001,9.776419444444445,35.64643888888889,1025.7669611111112,6.240577777777778,215.0847222222222,0.00037049999999999995,29.848216666666666,0.013141666666666668
2016-01-06 05:00:00,1452058199.5,0.63831672222,0.021522458330555553,0.63831672222,0.0203521216,0.08404389352111112,0.1920915879638889,0.04198667129,0.05415268054888889,0.018201902781666668,0.014602453701944445,0.0006219675513888889,0.0023506898875,9.633972222222222e-06,0.06177967592611111,0.004974828710277777,0.0054927777825,0.009793018515555555,0.021522458330555553,44.37275277777778,0.685775,9.703758333333333,41.804224999999995,1012.4582138888888,5.490922222222222,278.6191666666667,0.0002723333333333333,33.516555555555556,0.007758333333333333
2016-01-06 06:00:00,1452061799.5,0.6616704814841666,0.050070930583055555,0.6616704814841666,0.01709968757583333,0.035113319440555554,0.13091359722916668,0.08059235184916667,0.05213737037694445,0.026380037039166665,0.014606939804722222,0.0022199120161111112,0.005668669578611111,9.476638888888888e-06,0.035745796295555556,0.012257333327222222,0.009237879634166668,0.02314682870333333,0.050070930583055555,41.74990555555556,0.5133916666666667,9.998416666666667,37.24933055555555,1015.7029638888889,9.222211111111111,275.0155555555556,1.4249999999999999e-05,24.386802777777778,0.00015833333333333335
2016-01-06 07:00:00,1452065399.5,0.6213014768641666,0.05987692594972222,0.6213014768641666,0.017588964223055555,0.06082096758805555,0.09935040277972222,0.08215189814361111,0.05501393517138889,0.024796296295277777,0.013586240741944445,0.0006283518833333333,0.006500084440833334,9.329222222222223e-06,0.03520869444777778,0.012683430566666666,0.024970578698611114,0.0444394907425,0.05987692594972222,43.178219444444444,0.6929222222222222,8.751469444444444,40.813344444444446,1012.9779,5.012683333333333,171.00277777777777,0.00794413888888889,32.085275,0.14248055555555555
2016-01-06 08:00:00,1452068999.5,0.7810786203683333,0.04160275004555556,0.7810786203683333,0.03871560409055555,0.07901182870583333,0.10260110648305557,0.07744422221805555,0.05619581019222222,0.025122851852500003,0.014616060183055555,0.0006429953722222222,0.009203382827777776,9.245277777777778e-06,0.11710539351333334,0.01480301389111111,0.006155476866666666,0.03804626852027777,0.04160275004555556,45.415419444444446,0.7618666666666666,9.031375,43.27287777777777,1014.4782638888889,6.173147222222222,275.07944444444445,1.8444444444444445e-05,37.651152777777774,0.0003361111111111111
2016-01-06 09:00:00,1452072599.5,0.8864905185125,0.06378525461,0.8864905185125,0.033483322668333336,0.08412786110666666,0.12455773611277778,0.052691523150833336,0.05584497222694444,0.02366016666611111,0.013406194441666667,0.0167486851825,0.012027966974722222,9.249981388888888e-06,0.036942305555,0.022042518528888888,0.011230365727499999,0.03508247686111111,0.06378525461,38.57411111111111,0.7637611111111111,8.095894444444445,32.97040555555556,1002.5719527777777,8.853586111111111,212.91,0.006349166666666666,31.312475000000003,0.09183333333333332
2016-01-06 10:00:00,1452076199.5,0.7052389814925,0.04838737036361111,0.7052389814925,0.03780637126777778,0.06264593981583333,0.11763055092833333,0.059323833339444444,0.055501666662777775,0.027837787040277777,0.013694851851666667,0.0006103518394444444,0.005212701249722222,9.107194444444444e-06,0.06649208796222222,0.009457143533055556,0.009401439805,0.06990180555805556,0.04838737036361111,31.734544444444445,0.6174444444444445,9.89423611111111,23.485069444444445,1017.3513833333333,10.997544444444445,280.1952777777778,0.0,19.92930833333333,0.0
2016-01-06 11:00:00,1452079799.5,0.8621934814880555,0.08866526389388889,0.8621934814880555,0.03620352272166667,0.12219472222777779,0.1483323796352778,0.08770725925805554,0.04935255555194445,0.03175535185055556,0.01409431944611111,0.01528759261138889,0.009093113249166666,9.6115e-06,0.046640180556944445,0.022064898144444445,0.016656439802777777,0.07068830555055555,0.08866526389388889,38.15412222222222,0.8825055555555555,5.890433333333334,36.378077777777776,1022.7874,3.139925,161.88916666666665,0.0011669166666666666,34.84556111111111,0.04243333333333333
2016-01-06 12:00:00,1452083399.5,0.8064694861055556,0.057456796322777774,0.8064694861055556,0.03539551491777777,0.06915932870305555,0.12269172685583332,0.09487940740666667,0.06401715278722223,0.03369391666166666,0.015618527775,0.00060369905,0.009208020779444446,9.384416666666666e-06,0.04149736110861112,0.017907175942777777,0.016354444446944446,0.057499888892222226,0.057456796322777774,33.830974999999995,0.8147833333333333,9.715566666666668,30.428647222222224,1019.4742833333333,4.474861111111111,249.1375,0.0005703055555555556,28.378105555555553,0.019997222222222222
2016-01-06 13:00:00,1452086999.5,0.6637382175847222,0.05677010185555555,0.6637382175847222,0.020050351884722224,0.0984625462925,0.10648241202888889,0.06502752777944444,0.05115729167805556,0.0362759953725,0.01399347222611111,0.0006327500002777778,0.007752238847777778,9.273749999999999e-06,0.036334810182499996,0.012445143526666666,0.006426592585833333,0.037819111110000005,0.05677010185555555,46.06349166666667,0.8674472222222223,6.483825,43.900780555555556,1008.1554722222223,5.70543888888889,193.32333333333332,0.018407527777777776,42.01566666666667,0.28352777777777777
2016-01-06 14:00:00,1452090599.5,0.8074809166641667,0.05811397222694445,0.8074809166641667,0.03771587943666667,0.09092904629166666,0.13887616666638888,0.068483986105,0.06316801389416667,0.04935092592638889,0.014739347219166667,0.0006304444486111111,0.008386048487777778,9.694324166666667e-06,0.045932060185,0.0207064722275,0.0075204398072222225,0.034794055560833335,0.05811397222694445,37.85639166666667,0.6017666666666667,9.990658333333334,31.27420833333333,1014.7144472222221,9.850341666666667,291.31555555555553,0.0,25.0608,0.0
2016-01-06 15:00:00,1452094199.5,0.9830903518491666,0.06372279168222222,0.9830903518491666,0.03535921559722222,0.2420400972238889,0.21727265740499999,0.08899589814499999,0.05230288887611111,0.017978273147499998,0.014033749992499999,0.021613226899999997,0.00935604797638889,1.0499694444444443e-05,0.03440718056138889,0.023226351848055552,0.014811629628055555,0.054235296295555555,0.06372279168222222,32.98789166666667,0.8212083333333333,8.00786388888889,30.193480555555556,1017.3336416666666,3.7564194444444445,137.2486111111111,0.001983916666666667,27.911516666666667,0.08724166666666666
2016-01-06 16:00:00,1452097799.5,1.2511156296297223,0.0276783379725,1.2511156296297223,0.04753493523472222,0.16192071297083332,0.1694714629563889,0.11479218517694444,0.06340787036916666,0.026559412040555553,0.014872620373611112,0.002172745328888889,0.009701743016388889,8.092666666666666e-06,0.033341685185277775,0.031018814817777778,0.015703523136944442,0.06637731944805556,0.0276783379725,32.270294444444446,0.7095638888888889,8.182002777777777,26.454430555555554,1015.0965583333333,7.645416666666667,256.1686111111111,0.0,23.152338888888888,0.0
2016-01-06 17:00:00,1452101399.5,0.8351970879697221,0.03918691666305556,0.8351970879697221,0.039032981733055555,0.17335508333777777,0.17948515277805557,0.07956700000111111,0.044305185188888895,0.020642027773888887,0.014275787035000001,0.0006952963069444444,0.005637414199444444,8.457638888888888e-06,0.13668768518444444,0.007470777763888888,0.0040855648075,0.018635879631111112,0.03918691666305556,24.35536666666667,0.724211111111111,8.074191666666668,19.098644444444442,1025.2713722222222,5.122108333333333,225.2525,0.00427975,16.070122222222224,0.09784999999999999
2016-01-06 18:00:00,1452104999.5,0.8772092407483333,0.02091927780527778,0.8772092407483333,0.019746725896666668,0.12103534259416666,0.13158770832638889,0.12827965277555556,0.056740532413333336,0.02864895833138889,0.01398814814638889,0.0006155879769444444,0.006855209926944444,8.128722222222222e-06,0.03404933333555556,0.017251282407777777,0.01689014814222222,0.06377796295861111,0.02091927780527778,31.615827777777778,0.6575972222222222,9.595544444444444,25.458041666666666,1014.0702222222221,6.917122222222222,243.08555555555554,5.6999999999999996e-05,21.038925000000003,0.0006333333333333334
2016-01-06 19:00:00,1452108599.5,0.7421478009188889,0.034397972217499996,0.7421478009188889,0.03978318056333334,0.12771168981305556,0.17645740741666666,0.08223377778361111,0.04631153241944445,0.020567467583611113,0.013493898152222222,0.0017173101988888888,0.004975386848333333,8.07813888888889e-06,0.04177444907444445,0.009164874985833333,0.012389013883055555,0.03683453240777778,0.034397972217499996,17.084744444444446,0.6110388888888888,8.050258333333334,8.176844444444445,1019.5723277777778,8.619825,216.2288888888889,0.005089472222222222,5.052891666666667,0.10702777777777778
2016-01-06 20:00:00,1452112199.5,1.0773930879691667,0.04066290274638889,1.0773930879691667,0.03569895615416667,0.1698693472211111,0.18864960185138888,0.11524498610583334,0.06142546297805555,0.021957249989444445,0.01415732407861111,0.015152328747777777,0.005895979023055556,8.337416666666666e-06,0.03551249999944445,0.025782953701944444,0.016206199075833334,0.051835236113333336,0.04066290274638889,23.39977222222222,0.6753527777777778,8.418030555555555,16.626430555555554,1027.8012583333332,7.345911111111111,215.33638888888888,0.0037835,13.448313888888888,0.09761388888888889
2016-01-06 21:00:00,1452115799.5,0.7975991990747222,0.02596862038111111,0.7975991990747222,0.026274149077222222,0.16429210184583332,0.18989347221972222,0.09578290277361111,0.04586384259083333,0.02025036573777778,0.014259745374722223,0.0006271203702777777,0.00839707599111111,8.300833333333334e-06,0.03494679629777778,0.012982851849166668,0.004792643513888889,0.04095422222166667,0.02596862038111111,28.462333333333333,0.6788861111111111,9.553816666666666,23.704833333333333,1020.0452972222222,5.244291666666667,230.2061111111111,0.00021852777777777777,18.827172222222224,0.004833333333333333
2016-01-06 22:00:00,1452119399.5,1.0182658657377779,0.06164813423916667,1.0182658657377779,0.05206619371833333,0.23300374536111113,0.2439818148125,0.0880831388925,0.05868054166805555,0.028704740747777777,0.013481615734444443,0.0010885647875,0.008893306514444446,8.471638888888888e-06,0.03301299074194444,0.01578356944472222,0.012716115736944445,0.05276932407583333,0.06164813423916667,36.106630555555554,0.6901027777777777,9.290033333333334,30.320847222222223,1025.4968972222223,7.832447222222223,233.53277777777777,0.00334875,26.346627777777776,0.062066666666666666
2016-01-06 23:00:00,1452122999.5,1.0138773101886112,0.03184905556888889,1.0138773101886112,0.019629981139444443,0.20146850000277777,0.21787294908638888,0.041428240746388886,0.05145145370472222,0.028577416664722223,0.014474736114166668,0.0005900370322222222,0.0072411785841666665,8.207805555555556e-06,0.03276487500361111,0.014980370366944445,0.003916907393888888,0.07353856944166667,0.03184905556888889,35.21923611111111,0.6829111111111111,9.212716666666667,29.449030555555556,1022.6494583333333,8.309244444444444,188.9777777777778,0.00043066666666666665,25.561047222222225,0.01425
2016-01-07 00:00:00,1452126554.5,0.8675747150917378,0.0368265526968661,0.8675747150917378,0.02086376992905983,0.2007010019014245,0.25855551282279204,0.041581609693162394,0.046582355178632476,0.024598603994586896,0.013791975313960115,0.0005775308649572649,0.002872875333048433,9.842307692307693e-06,0.0328583000988604,0.010096590672364673,0.014205740735897436,0.038613024684330484,0.0368265526968661,32.10088603988604,0.7437321937321937,8.370179487179486,26.330777777777776,1008.3335185185185,7.7386125356125355,225.83760683760684,0.0047426210826210825,24.58136467236467,0.12101709401709401
